Alejandra Roldán Benítez ; 57270066babf68437d513793 ; senadores prd
Sonia Rocha Acosta ; 57270067babf68437d513796 ; senadores pan
Sofío Ramírez Hernández ; 57270067babf68437d513794 ; senadores pri
Carlos Romero Deschamps ; 57270067babf68437d513795 ; senadores pri
Laura Angélica Rojas Hernández ; 57270068babf68437d51379b ; senadores pan
Leonardo Amador Rodrνguez ; 572704310a5c133480a53b01 ; diputados PRD
Jerףnimo Alejandro Ojeda Anguiano ; 572705580a5c133480a53c31 ; diputados PRD
Lucely del Perpetuo Socorro Alpizar Carrillo ; 572704280a5c133480a53af8 ; diputados PRI
Marםa Bבrbara Botello Santibבסez ; 5727044f0a5c133480a53b2c ; diputados PRI
José de Jesús Santana García ; 57270068babf68437d51379c ; senadores pan
Héctor Javier Álvarez Ortiz ; 572704300a5c133480a53aff ; diputados PRI
Mely Romero Celis ; 57270068babf68437d51379e ; senadores pri
Itzel Sarahí Ríos de la Mora ; 57270068babf68437d51379d ; senadores pri
Miguel Romo Medina ; 57270069babf68437d5137a0 ; senadores pri
Juan Carlos Romero Hicks ; 57270069babf68437d5137a1 ; senadores pan
Jorge Luis Preciado Rodríguez ; 57270069babf68437d51379f ; senadores pan
Adolfo Romero Lainas ; 57270069babf68437d5137a4 ; senadores prd
Salvador Vega Casillas ; 57270069babf68437d5137a2 ; senadores pan
Armando Ríos Piter ; 57270069babf68437d5137a5 ; senadores prd
Carlos Alberto Puente Salas ; 57270069babf68437d5137a3 ; senadores pvem
Zoé Robledo Aburto ; 5727006ababf68437d5137a6 ; senadores prd
Arturo Zamora Jiménez ; 5727006cbabf68437d5137a8 ; senadores pri
Óscar Román Rosas González ; 5727006cbabf68437d5137aa ; senadores pri
Amelia Torres López ; 57270143cd4f08e77d42d9b8 ; senadores pan
Fidel Almanza Monroy ; 572704270a5c133480a53af7 ; diputados PRI
Edith Anabel Alvarado Varela ; 572704290a5c133480a53afa ; diputados PRI
José Teodoro Barraza López ; 572704420a5c133480a53b17 ; diputados PAN
Ninfa Salinas Sada ; 5727006cbabf68437d5137ab ; senadores pvem
Gerardo Sánchez García ; 5727006dbabf68437d5137ad ; senadores pri
Rabindranath Salazar Solorio ; 5727006dbabf68437d5137ae ; senadores prd
Layda Sansores San Román ; 5727006dbabf68437d5137af ; senadores pt
Luis Sánchez Jiménez ; 5727006dbabf68437d5137b0 ; senadores prd
Sandra Luz García Guajardo ; 57270144cd4f08e77d42d9bc ; senadores pan
Raúl Gracia Guzmán ; 57270144cd4f08e77d42d9bd ; senadores pan
Fernando Herrera Ávila ; 57270144cd4f08e77d42d9c0 ; senadores pan
Isaías González Cuevas ; 57270144cd4f08e77d42d9c1 ; senadores pri
Emilio Gamboa Patrón ; 57270144cd4f08e77d42d9c2 ; senadores pri
José Ascención Orihuela Bárcenas ; 57270144cd4f08e77d42d9bf ; senadores pri
José Marco Antonio Olvera Acevedo ; 57270145cd4f08e77d42d9c5 ; senadores pri
Martha Elena García Gómez ; 57270145cd4f08e77d42d9c6 ; senadores pan
Ernesto Gándara Camou ; 57270145cd4f08e77d42d9c9 ; senadores pri
Francisco Salvador López Brito ; 57270145cd4f08e77d42d9c7 ; senadores pan
Ana Gabriela Guevara Espinoza ; 57270145cd4f08e77d42d9c8 ; senadores pt
Javier Lozano Alarcón ; 57270145cd4f08e77d42d9ce ; senadores pan
Marcela Guerra Castillo ; 57270145cd4f08e77d42d9ca ; senadores pri
Graciela Ortiz González ; 57270145cd4f08e77d42d9cc ; senadores pri
Silvia Guadalupe Garza Galván ; 57270145cd4f08e77d42d9cd ; senadores pan
José María Martínez Martínez ; 57270147cd4f08e77d42d9cf ; senadores pan
Jorge Luis Lavalle Maury ; 57270147cd4f08e77d42d9d1 ; senadores pan
Roberto Gil Zuarth ; 57270147cd4f08e77d42d9d2 ; senadores pan
Diva Hadamira Gastélum Bajo ; 5727014acd4f08e77d42d9d3 ; senadores pri
Patricio Martínez García ; 5727014ecd4f08e77d42d9d5 ; senadores pri
Eviel Pérez Magaña ; 5727014ecd4f08e77d42d9d6 ; senadores pri
Luis Armando Melgar Bravo ; 5727014ecd4f08e77d42d9da ; senadores pvem
Martha Angélica Tagle Martínez ; 5727014ecd4f08e77d42d9dc ; senadores null
Ma. del Rocío Pineda Gochi ; 5727014ecd4f08e77d42d9dd ; senadores pri
Raúl Aarón Pozos Lanz ; 5727014fcd4f08e77d42d9e0 ; senadores pri
Fernando Yunes Márquez ; 5727014fcd4f08e77d42d9e1 ; senadores pan
Fernando Torres Graciano ; 5727014fcd4f08e77d42d9e2 ; senadores pan
Raúl Morón Orozco ; 5727014fcd4f08e77d42d9df ; senadores prd
Iris Vianey Mendoza Mendoza ; 5727014fcd4f08e77d42d9e4 ; senadores prd
Lilia Guadalupe Merodio Reza ; 5727014ecd4f08e77d42d9de ; senadores pri
José Francisco Yunes Zorrilla ; 5727014fcd4f08e77d42d9e3 ; senadores pri
María Marcela Torres Peimbert ; 5727014fcd4f08e77d42d9e7 ; senadores pan
Carmen Dorantes Martínez ; 5727017cda509c1c7e1d7e13 ; senadores pri
Jorge Aréchiga Ávila ; 5727017cda509c1c7e1d7e15 ; senadores pvem
Luisa María Calderón Hinojosa ; 5727017cda509c1c7e1d7e17 ; senadores pan
Joel  Ayala Almeida ; 5727017cda509c1c7e1d7e16 ; senadores pri
Ivonne Liliana Álvarez García ; 5727017cda509c1c7e1d7e19 ; senadores pri
Alejandro de Jesús Encinas Rodríguez ; 57270181da509c1c7e1d7e1c ; senadores prd
Manuel Cavazos Lerma ; 57270181da509c1c7e1d7e1d ; senadores pri
Gabriela Cuevas Barron ; 57270181da509c1c7e1d7e22 ; senadores pan
Pablo Escudero Morales ; 57270181da509c1c7e1d7e1e ; senadores pvem
Anabel Acosta Islas ; 57270181da509c1c7e1d7e23 ; senadores pri
María Elena Barrera Tapia ; 57270181da509c1c7e1d7e1f ; senadores pvem
Jesús Casillas Romero ; 57270181da509c1c7e1d7e24 ; senadores pri
Miguel Ángel Chico Herrera ; 57270181da509c1c7e1d7e20 ; senadores pri
Hilda Esthela Flores Escalera ; 57270181da509c1c7e1d7e21 ; senadores pri
Daniel Amador Gaxiola ; 57270181da509c1c7e1d7e2c ; senadores pri
Francisco de Paula Búrquez Valenzuela ; 57270181da509c1c7e1d7e28 ; senadores pan
Enrique Burgos García ; 57270181da509c1c7e1d7e25 ; senadores pri
Erika Ayala Ríos ; 57270181da509c1c7e1d7e2a ; senadores pri
María Cristina Díaz Salazar ; 57270181da509c1c7e1d7e26 ; senadores pri
Luis Humberto Fernández Fuentes ; 5727017cda509c1c7e1d7e18 ; senadores prd
Félix Benjamín Hernández Ruiz ; 57270181da509c1c7e1d7e2d ; senadores prd
María del Carmen Izaguirre Francos ; 57270181da509c1c7e1d7e35 ; senadores pri
Humberto Domingo Mayans Canabal ; 5727014fcd4f08e77d42d9e6 ; senadores pri
Tereso Medina Ramírez ; 57270144cd4f08e77d42d9ba ; senadores pri
Carlos Manuel Merino Campos ; 57270143cd4f08e77d42d9b9 ; senadores pt
María de los Dolores Padierna Luna ; 57270150cd4f08e77d42d9e8 ; senadores prd
Yerico Abramo Masso ; 572704210a5c133480a53aea ; diputados PRI
Patricia Elena Aceves Pastrana ; 572704210a5c133480a53aeb ; diputados MORENA
Marco Antonio Aguilar Yunes ; 572704230a5c133480a53aee ; diputados PRI
María Guadalupe Alcántara Rojas ; 572704250a5c133480a53af3 ; diputados PRI
Hugo Alejo Domínguez ; 572704260a5c133480a53af4 ; diputados PAN
Hortensia Aragón Castillo ; 572704340a5c133480a53b08 ; diputados PRD
Mariana Arámbula Meléndez ; 572704350a5c133480a53b09 ; diputados PAN
Luis Ignacio Avendaño Bermúdez ; 572704390a5c133480a53b11 ; diputados PVEM
María Ávila Serna ; 5727043f0a5c133480a53b12 ; diputados PVEM
Héctor Adrián Menchaca Medrano ; 57270144cd4f08e77d42d9bb ; senadores pt
David Aguilar Robles ; 572704220a5c133480a53aed ; diputados PRI
Emma Margarita Alemán Olvera ; 572704260a5c133480a53af5 ; diputados PAN
María Verónica Agundis Estrada ; 572704240a5c133480a53af1 ; diputados PAN
Antonio Amaro Cancino ; 572704310a5c133480a53b02 ; diputados PRI
Tania Victoria Arguijo Herrera ; 572704370a5c133480a53b0d ; diputados PRD
Erika Lorena Arroyo Bello ; 572704380a5c133480a53b0f ; diputados PRI
Elio Bocanegra Ruiz ; 5727044c0a5c133480a53b27 ; diputados PRD
Juana Aurora Cavazos Cavazos ; 572704630a5c133480a53b48 ; diputados PRI
Sofia del Sagrario De León Maza ; 572704900a5c133480a53b6e ; diputados PRI
Tristán Manuel Canales Najjar ; 5727045a0a5c133480a53b37 ; diputados PRI
Gabriel Casillas Zanatta ; 5727045f0a5c133480a53b40 ; diputados PRI
Rosa Guadalupe Chávez Acosta ; 5727047a0a5c133480a53b4f ; diputados PRI
Susana Corella Platt ; 5727047f0a5c133480a53b58 ; diputados PRI
Germán Escobar Manjarrez ; 572704c10a5c133480a53b7c ; diputados PRI
Hйctor Ulises Cristopulos Rнos ; 5727048b0a5c133480a53b64 ; diputados PRI
Jorge Álvarez López ; 5727042f0a5c133480a53afd ; diputados PVEM
Montserrat Alicia Arcos Velбzquez ; 572704360a5c133480a53b0a ; diputados PRI
Efraнn Arellano Nъсez ; 572704360a5c133480a53b0b ; diputados PRI
Marco Polo Aguirre Chávez ; 572704230a5c133480a53aef ; diputados PRI
Telésforo García Carreón ; 572704da0a5c133480a53b9b ; diputados PRI
Ángel II Alanís Pedraza ; 572704250a5c133480a53af2 ; diputados PRD
Alejandro González Murillo ; 572704e70a5c133480a53baf ; diputados PES
Juan Alejandro Fernández Sánchez Navarro ; 57270181da509c1c7e1d7e32 ; senadores pan
Sara Latife Ruiz Chávez ; 5727063cd1d9ecd3815bdfb9 ; diputados PRI
Brenda Borunda Espinoza ; 5727044f0a5c133480a53b2b ; diputados PRI
Francisco Javier Santillán Oceguera ; 5727064fd1d9ecd3815bdfd2 ; diputados PRI
Julián Nazar Morales ; 572705540a5c133480a53c29 ; diputados PRI
Dora Elena Real Salinas ; 572705720a5c133480a53c5f ; diputados PRI
Raъl Cervantes Andrade ; 57270181da509c1c7e1d7e2b ; senadores pri
Roberto Armando Albores Gleason ; 57270182da509c1c7e1d7e39 ; senadores pri
Fidel Demédicis Hidalgo ; 57270183da509c1c7e1d7e3d ; senadores prd
Manuel Bartlett Díaz ; 57270181da509c1c7e1d7e29 ; senadores pt
Angélica del Rosario Araujo Lara ; 57270181da509c1c7e1d7e2e ; senadores pri
Rosa Adriana Díaz Lizama ; 57270181da509c1c7e1d7e2f ; senadores pan
Manuel Humberto Cota Jiménez ; 57270181da509c1c7e1d7e34 ; senadores pri
Mario Delgado Carrillo ; 57270181da509c1c7e1d7e30 ; senadores prd
Miguel Barbosa Huerta ; 57270182da509c1c7e1d7e38 ; senadores prd
Ernesto Javier Cordero Arroyo ; 57270182da509c1c7e1d7e3b ; senadores pan
Margarita Flores Sánchez ; 57270182da509c1c7e1d7e37 ; senadores pri
Angélica De la Peña Gómez ; 57270182da509c1c7e1d7e3c ; senadores prd
René Juárez Cisneros ; 57270185da509c1c7e1d7e3e ; senadores pri
Aarón Irízar López ; 57270185da509c1c7e1d7e3f ; senadores pri
Ismael Hernández Deras ; 57270185da509c1c7e1d7e41 ; senadores pri
Ana Lilia Herrera Anzaldo ; 57270185da509c1c7e1d7e43 ; senadores pri
Daniel Gabriel Ávila Ruiz ; 57270181da509c1c7e1d7e33 ; senadores pan
Ricardo Barroso Agramont ; 57270182da509c1c7e1d7e3a ; senadores pri
Luz María Beristain Navarrete ; 57270181da509c1c7e1d7e27 ; senadores prd
María Hilaria Domínguez Arvizu ; 5727017dda509c1c7e1d7e1a ; senadores pri
Juan Gerardo Flores Ramírez ; 57270182da509c1c7e1d7e36 ; senadores pvem
Héctor Larios Córdova ; 57270147cd4f08e77d42d9d0 ; senadores pan
Sonia Mendoza Díaz ; 5727014ecd4f08e77d42d9d8 ; senadores pan
Ma. del Pilar Ortega Martínez ; 57270144cd4f08e77d42d9c4 ; senadores pan
Ernesto Ruffo Appel ; 5727006cbabf68437d5137a7 ; senadores pan
Luis Fernando Salazar Fernández ; 5727006cbabf68437d5137a9 ; senadores pan
María Lucero Saldaña Pérez ; 5727006cbabf68437d5137ac ; senadores pri
Teófilo Torres Corzo ; 5727014fcd4f08e77d42d9e5 ; senadores pri
José Antonio Arévalo González ; 572704360a5c133480a53b0c ; diputados PVEM
Alejandro Armenta Mier ; 572704370a5c133480a53b0e ; diputados PRI
Carlos Barragán Amador ; 572704410a5c133480a53b16 ; diputados PRI
Laura Mitzi Barrientos Cano ; 572704430a5c133480a53b19 ; diputados PRI
Pablo Bedolla López ; 572704460a5c133480a53b1e ; diputados PRI
Alfredo Bejos Nicolás ; 572704470a5c133480a53b1f ; diputados PRI
Carlos Bello Otero ; 572704470a5c133480a53b20 ; diputados PAN
María Luisa Beltrán Reyes ; 572704480a5c133480a53b21 ; diputados PRD
Omar Noé Bernardino Vargas ; 5727044c0a5c133480a53b26 ; diputados PVEM
Edmundo Javier Bolaños Aguilar ; 5727044d0a5c133480a53b28 ; diputados PAN
Erika Irazema Briones Pérez ; 572704500a5c133480a53b2d ; diputados PRD
Jasmine María Bugarín Rodríguez ; 572704500a5c133480a53b2e ; diputados PRI
María Esther Guadalupe Camargo Félix ; 572704540a5c133480a53b34 ; diputados PRI
Jesús Ricardo Canavati Tafich ; 5727045b0a5c133480a53b39 ; diputados PVEM
Sergio René Cancino Barffuson ; 5727045c0a5c133480a53b3a ; diputados MORENA
Ana Leticia Carrera Hernández ; 5727045d0a5c133480a53b3d ; diputados PRD
Jorge Alejandro Carvallo Delfín ; 5727045e0a5c133480a53b3e ; diputados PRI
J. Apolinar Casillas Gutiérrez ; 5727045f0a5c133480a53b3f ; diputados PAN
Edgar Castillo Martínez ; 572704610a5c133480a53b44 ; diputados PRI
Olga Catalán Padilla ; 572704620a5c133480a53b46 ; diputados PRD
María Chávez García ; 5727047b0a5c133480a53b50 ; diputados MORENA
Manuel Jesús Clouthier Carrillo ; 5727047c0a5c133480a53b52 ; diputados Ind.
Vitalico Cándido Coheto Martínez ; 5727047c0a5c133480a53b53 ; diputados PRI
José del Pilar Córdova Hernández ; 5727047e0a5c133480a53b56 ; diputados PRI
Ariel Enrique Corona Rodríguez ; 572704810a5c133480a53b5a ; diputados PAN
Pedro Luis Coronado Ayarzagoitia ; 572704860a5c133480a53b5c ; diputados PRI
Juan Corral Mier ; 572704870a5c133480a53b5e ; diputados PAN
Román Francisco Cortés Lugo ; 572704880a5c133480a53b60 ; diputados PAN
Gina Andrea Cruz Blackledge ; 5727048b0a5c133480a53b65 ; diputados PAN
Eva Florinda Cruz Molina ; 5727048c0a5c133480a53b66 ; diputados PRD
Jorge Enrique Dávila Flores ; 5727048f0a5c133480a53b6c ; diputados PRI
Carlos Alberto De la Fuente Flores ; 5727048f0a5c133480a53b6d ; diputados PAN
Alfredo Del Mazo Maza ; 572704bb0a5c133480a53b71 ; diputados PRI
Federico Döring Casar ; 572704be0a5c133480a53b78 ; diputados PAN
Adriana Elizarraraz Sandoval ; 572704bf0a5c133480a53b79 ; diputados PAN
Mayra Angélica Enríquez Vanderkam ; 572704c00a5c133480a53b7b ; diputados PAN
Manuel de Jesús Espino Barrientos ; 572704c20a5c133480a53b7e ; diputados MC
Laura Beatriz Esquivel Valdes ; 572704c30a5c133480a53b80 ; diputados MORENA
Maricela Emilse Etcheverry Aranda ; 572704ca0a5c133480a53b82 ; diputados PRI
Sandra Luz Falcón Venegas ; 572704cb0a5c133480a53b83 ; diputados MORENA
José Alfredo Ferreiro Velazco ; 572704ce0a5c133480a53b88 ; diputados PES
José de Jesús Galindo Rosas ; 572704d30a5c133480a53b92 ; diputados PVEM
Fernando Galván Martínez ; 572704d40a5c133480a53b93 ; diputados PRD
Marco Antonio García Ayala ; 572704d80a5c133480a53b97 ; diputados PRI
Óscar García Barrón ; 572704d80a5c133480a53b98 ; diputados PRI
Lilia Arminda García Escobar ; 572704db0a5c133480a53b9d ; diputados PAN
Pedro Garza Treviño ; 572704df0a5c133480a53ba5 ; diputados PAN
Jorgina Gaxiola Lezama ; 572704e30a5c133480a53ba7 ; diputados PVEM
Víctor Manuel Giorgana Jiménez ; 572704e40a5c133480a53ba9 ; diputados PRI
Sergio Emilio Gómez Oliver ; 572704e60a5c133480a53bac ; diputados PAN
Martha Hilda González Calderón ; 572704e60a5c133480a53bad ; diputados PRI
José Adrián González Navarro ; 572704e80a5c133480a53bb0 ; diputados PAN
Miguel Ángel González Salum ; 572704e90a5c133480a53bb1 ; diputados PRI
María Marcela González Salas y Petricioli ; 572704ea0a5c133480a53bb4 ; diputados PRI
Braulio Mario Guerra Urbiola ; 572704ed0a5c133480a53bb6 ; diputados PRI
Fabiola Guerrero Aguilar ; 572704ef0a5c133480a53bb7 ; diputados PRI
Javier Guerrero García ; 572704f10a5c133480a53bba ; diputados PRI
Luis Alejandro Guevara Cobos ; 572704f10a5c133480a53bbb ; diputados PRI
Mercedes del Carmen Guillén Vicente ; 572704f30a5c133480a53bbd ; diputados PRI
Alejandra Gutiérrez Campos ; 572704f40a5c133480a53bc0 ; diputados PAN
Francisco José Gutiérrez de Velasco Urtaza ; 572704f60a5c133480a53bc3 ; diputados PAN
Laura Valeria Guzmán Vázquez ; 572704f70a5c133480a53bc6 ; diputados PRI
María Hadad Castillo ; 572704f80a5c133480a53bc7 ; diputados PRI
Angie Denisse Hauffen Torres ; 572704f80a5c133480a53bc8 ; diputados MC
José Guadalupe Hernández Alcalá ; 572705060a5c133480a53bca ; diputados PRD
María Gloria Hernández Madrid ; 572705080a5c133480a53bce ; diputados PRI
Minerva Hernández Ramos ; 572705090a5c133480a53bd0 ; diputados PAN
Miguel Ángel Huepa Pérez ; 5727050b0a5c133480a53bd3 ; diputados PAN
Genoveva Huerta Villegas ; 5727050c0a5c133480a53bd4 ; diputados PAN
Álvaro Ibarra Hinojosa ; 5727050d0a5c133480a53bd6 ; diputados PRI
Víctor Ernesto Ibarra Montoya ; 5727050d0a5c133480a53bd7 ; diputados PAN
Próspero Manuel Ibarra Otero ; 5727050e0a5c133480a53bd8 ; diputados PRI
Miriam Dennis Ibarra Rangel ; 5727050f0a5c133480a53bd9 ; diputados PRI
Juan Antonio Ixtláhuac Orihuela ; 572705100a5c133480a53bdc ; diputados PRI
Jesús Gerardo Izquierdo Rojas ; 572705110a5c133480a53bdd ; diputados PVEM
Jesús Enrique Jackson Ramírez ; 572705120a5c133480a53bde ; diputados PRI
Flor Ángel Jiménez Jiménez ; 572705120a5c133480a53bdf ; diputados PRI
David Jiménez Rumbo ; 572705130a5c133480a53be1 ; diputados PRD
Erick Alejandro Lagos Hernández ; 572705160a5c133480a53be6 ; diputados PRI
Mariano Lara Salazar ; 572705170a5c133480a53be7 ; diputados PANAL
David Epifanio López Gutiérrez ; 5727051b0a5c133480a53bef ; diputados PRI
Alma Lilia Luna Munguía ; 572705260a5c133480a53bf6 ; diputados PRI
Mario Machuca Sánchez ; 572705270a5c133480a53bf7 ; diputados PVEM
Araceli Madrigal Sánchez ; 572705290a5c133480a53bfa ; diputados PRD
Salomón Majul González ; 572705290a5c133480a53bfb ; diputados PRI
Luis Maldonado Venegas ; 5727052a0a5c133480a53bfc ; diputados PRD
René Mandujano Tinajero ; 5727052a0a5c133480a53bfd ; diputados PAN
Cesáreo Jorge Márquez Alvarado ; 5727052b0a5c133480a53bfe ; diputados PVEM
Baltazar Martínez Montemayor ; 572705300a5c133480a53c03 ; diputados PAN
María Isabel Maya Pineda ; 572705340a5c133480a53c0a ; diputados PRI
Rosalina Mazari Espín ; 572705350a5c133480a53c0b ; diputados PRI
Juan Antonio Meléndez Ortega ; 572705360a5c133480a53c0d ; diputados PRI
Virgilio Mendoza Amezcua ; 572705380a5c133480a53c11 ; diputados PVEM
David Mercado Ruiz ; 572705380a5c133480a53c12 ; diputados PRI
Rosa Elena Millán Bueno ; 572705450a5c133480a53c15 ; diputados PRI
María Angélica Mondragón Orozco ; 572705460a5c133480a53c17 ; diputados PRI
Carolina Monroy Del Mazo ; 572705460a5c133480a53c18 ; diputados PRI
Angélica Moya Marín ; 572705490a5c133480a53c1d ; diputados PAN
Luis Ernesto Munguía González ; 5727054a0a5c133480a53c1e ; diputados MC
Arlette Ivette Muñoz Cervantes ; 5727054a0a5c133480a53c1f ; diputados PAN
María Verónica Muñoz Parra ; 5727054b0a5c133480a53c20 ; diputados PRI
Teodardo Muñoz Torres ; 5727054c0a5c133480a53c22 ; diputados PRI
María Guadalupe Murguía Gutiérrez ; 5727054c0a5c133480a53c23 ; diputados PAN
Abel Murrieta Gutiérrez ; 5727054d0a5c133480a53c24 ; diputados PRI
Jacqueline Nava Mouett ; 5727054e0a5c133480a53c26 ; diputados PAN
Fernando Navarrete Pérez ; 572705530a5c133480a53c28 ; diputados PRI
Javier Antonio Neblina Vega ; 572705550a5c133480a53c2b ; diputados PAN
Pedro Luis Noble Monterrubio ; 572705550a5c133480a53c2c ; diputados PRI
Cándido Ochoa Rojas ; 572705570a5c133480a53c2f ; diputados PVEM
Hernán de Jesús Orantes López ; 572705590a5c133480a53c33 ; diputados PRI
Nora Liliana Oropeza Olguín ; 5727055b0a5c133480a53c36 ; diputados PRI
Adriana del Pilar Ortiz Lanz ; 5727055d0a5c133480a53c3a ; diputados PRI
Susana Osorno Belmont ; 5727055e0a5c133480a53c3b ; diputados PRI
Karina Padilla Ávila ; 5727055f0a5c133480a53c3e ; diputados PAN
José Ignacio Pichardo Lechuga ; 572705640a5c133480a53c48 ; diputados PRI
María de la Paz Quiñones Cornejo ; 5727056c0a5c133480a53c51 ; diputados PRI
Álvaro Rafael Rubio ; 5727056d0a5c133480a53c54 ; diputados PRI
Jorge Carlos Ramírez Marín ; 5727056e0a5c133480a53c56 ; diputados PRI
Flor Estela Rentería Medina ; 572705740a5c133480a53c62 ; diputados PRI
Angélica Reyes Ávila ; 572705750a5c133480a53c64 ; diputados PANAL
Alejandra Noemí Reynoso Sánchez ; 5727057c0a5c133480a53c65 ; diputados PAN
Armando Alejandro Rivera Castillejos ; 5727057d0a5c133480a53c67 ; diputados PAN
Yulma Rocha Aguilar ; 5727057e0a5c133480a53c69 ; diputados PRI
Alfredo Javier Rodríguez  Dávila ; 5727057f0a5c133480a53c6b ; diputados PAN
María de los Ángeles Rodríguez Aguirre ; 572705800a5c133480a53c6c ; diputados PAN
Erika Araceli Rodríguez Hernández ; 572705810a5c133480a53c6e ; diputados PRI
María del Rosario Rodríguez Rubio ; 572705810a5c133480a53c6f ; diputados PAN
Luis Agustín Rodríguez Torres ; 572705820a5c133480a53c70 ; diputados PAN
Francisco Lauro Rojas San Román ; 572705840a5c133480a53c73 ; diputados PRI
María Guadalupe Cecilia Romero Castillo ; 572705840a5c133480a53c74 ; diputados PAN
Esdras Romero Vega ; 572705850a5c133480a53c76 ; diputados PRI
Juan Carlos Ruíz García ; 5727063cd1d9ecd3815bdfba ; diputados PAN
José Luis Sáenz Soto ; 5727063dd1d9ecd3815bdfbb ; diputados PRI
Gerardo Federico Salas Díaz ; 5727063dd1d9ecd3815bdfbc ; diputados PAN
José Antonio Salas Valencia ; 5727063ed1d9ecd3815bdfbd ; diputados PAN
Heidi Salazar Espinosa ; 5727063ed1d9ecd3815bdfbe ; diputados PRI
Emilio Enrique Salazar Farías ; 5727063fd1d9ecd3815bdfbf ; diputados PVEM
Patricia Sánchez Carrillo ; 57270643d1d9ecd3815bdfc5 ; diputados PAN
David Sánchez Isidoro ; 57270644d1d9ecd3815bdfc7 ; diputados PRI
María Soledad Sandoval Martínez ; 5727064cd1d9ecd3815bdfcd ; diputados PRI
Adriana Sarur Torre ; 57270651d1d9ecd3815bdfd5 ; diputados PVEM
Ingrid Krasopani Schemelensky Castro ; 57270652d1d9ecd3815bdfd7 ; diputados PAN
María Esther de Jesús Scherman Leaño ; 57270652d1d9ecd3815bdfd8 ; diputados PRI
Jesús Sesma Suárez ; 5727067dd1d9ecd3815bdfdc ; diputados PVEM
Francisco Ricardo Sheffield Padilla ; 5727067ed1d9ecd3815bdfdd ; diputados PAN
Víctor Manuel Silva Tejeda ; 5727067ed1d9ecd3815bdfde ; diputados PRI
María Monserrath Sobreyra Santos ; 5727067fd1d9ecd3815bdfdf ; diputados PRI
Edgar Spinoso Carrera ; 57270681d1d9ecd3815bdfe3 ; diputados PVEM
Miguel Ángel Sulub Caamal ; 57270681d1d9ecd3815bdfe4 ; diputados PRI
Santiago Taboada Cortina ; 57270682d1d9ecd3815bdfe5 ; diputados PAN
María Eloísa Talavera Hernández ; 57270683d1d9ecd3815bdfe7 ; diputados PAN
Ximena Tamariz García ; 57270683d1d9ecd3815bdfe8 ; diputados PAN
Martha Sofía Tamayo Morales ; 57270684d1d9ecd3815bdfe9 ; diputados PRI
Macedonio Salomón Tamez Guajardo ; 57270685d1d9ecd3815bdfea ; diputados MC
Yarith Tannos Cruz ; 57270685d1d9ecd3815bdfeb ; diputados PRI
Wendolin Toledo Aceves ; 57270687d1d9ecd3815bdfee ; diputados PVEM
Marbella Toledo Ibarra ; 5727068bd1d9ecd3815bdfef ; diputados MC
José Luis Toledo Medina ; 5727068bd1d9ecd3815bdff0 ; diputados PRI
Daniel Torres Cantú ; 5727068cd1d9ecd3815bdff2 ; diputados PRI
Francisco Alberto Torres Rivas ; 5727068dd1d9ecd3815bdff4 ; diputados PVEM
Melissa Torres Sandoval ; 5727068ed1d9ecd3815bdff5 ; diputados PES
Mariana Trejo Flores ; 5727068ed1d9ecd3815bdff6 ; diputados MORENA
Georgina Trujillo Zentella ; 57270690d1d9ecd3815bdff8 ; diputados PRI
Fernando Uriarte Zazueta ; 57270690d1d9ecd3815bdff9 ; diputados PRI
Jesús Salvador Valencia Guzmán ; 57270692d1d9ecd3815bdffc ; diputados PRD
Manuel Vallejo Barragán ; 57270694d1d9ecd3815bdfff ; diputados PRI
Luis Alfredo Valles Mendoza ; 57270694d1d9ecd3815be000 ; diputados PANAL
Elva Lidia Valles Olvera ; 57270698d1d9ecd3815be001 ; diputados PAN
Marisol Vargas Bárcena ; 57270699d1d9ecd3815be002 ; diputados PAN
Federico Eugenio Vargas Rodríguez ; 57270699d1d9ecd3815be003 ; diputados PRI
Luis Felipe Vázquez Guerrero ; 5727069ad1d9ecd3815be004 ; diputados PRI
Cirilo Vázquez Parissi ; 5727069ad1d9ecd3815be005 ; diputados PRI
Paulino Alberto Vázquez Villalobos ; 5727069bd1d9ecd3815be006 ; diputados PRI
Brenda Velázquez Valdez ; 5727069cd1d9ecd3815be008 ; diputados PAN
Liborio Vidal Aguilar ; 5727069dd1d9ecd3815be00a ; diputados PRI
Alma Carolina Viggiano Austria ; 5727069ed1d9ecd3815be00b ; diputados PRI
Concepción Villa González ; 5727069ed1d9ecd3815be00c ; diputados MORENA
Timoteo Villa Ramírez ; 5727069fd1d9ecd3815be00d ; diputados PRI
Edith Villa Trujillo ; 5727069fd1d9ecd3815be00e ; diputados PRI
Ramón Villagómez Guerrero ; 572706a0d1d9ecd3815be00f ; diputados PRI
Rafael Yerena Zambrano ; 572706a1d1d9ecd3815be012 ; diputados PRI
José de Jesús Zambrano Grijalva ; 572706a2d1d9ecd3815be013 ; diputados PRD
Ana Georgina Zapata Lucero ; 572706a6d1d9ecd3815be016 ; diputados PRI
Sylvia Leticia Martínez Elizondo ; 5727014ecd4f08e77d42d9d4 ; senadores pan
Isidro Pedraza Chávez ; 5727014ecd4f08e77d42d9db ; senadores prd
Fernando Enrique Mayans Canabal ; 5727014ecd4f08e77d42d9d7 ; senadores prd
Paloma Canales Suárez ; 5727045b0a5c133480a53b38 ; diputados PVEM
Daniela De los Santos Torres ; 572704ba0a5c133480a53b70 ; diputados PVEM
Ricardo Del Rivero Martínez ; 572704bb0a5c133480a53b72 ; diputados PAN
César Alejandro Domínguez Domínguez ; 572704bd0a5c133480a53b76 ; diputados PRI
Waldo Fernández González ; 572704cc0a5c133480a53b85 ; diputados PRD
Julieta Fernández Márquez ; 572704cc0a5c133480a53b86 ; diputados PRI
David Gerson García Calderón ; 572704d90a5c133480a53b9a ; diputados PRD
Héctor Javier García Chávez ; 572704da0a5c133480a53b9c ; diputados PRD
María García Pérez ; 572704dd0a5c133480a53ba1 ; diputados PAN
Rubén Alejandro Garrido Muñoz ; 572704df0a5c133480a53ba4 ; diputados PAN
Gonzalo Guízar Valladares ; 572704f40a5c133480a53bbf ; diputados PES
Carlos Hernández Mirón ; 572705090a5c133480a53bcf ; diputados PRD
Javier Octavio Herrera Borunda ; 5727050b0a5c133480a53bd2 ; diputados PVEM
Erik Juárez Blanquet ; 572705140a5c133480a53be2 ; diputados PRD
Teresa de Jesús Lizárraga Figueroa ; 572705190a5c133480a53beb ; diputados PAN
Liliana Ivette Madrigal Méndez ; 572705280a5c133480a53bf9 ; diputados PRI
Ariadna Montiel Reyes ; 572705470a5c133480a53c19 ; diputados MORENA
María Eugenia Ocampo Bedolla ; 572705560a5c133480a53c2d ; diputados PANAL
Jisela Paes Martínez ; 572705600a5c133480a53c3f ; diputados PAN
Candelario Pérez Alvarado ; 572705620a5c133480a53c45 ; diputados PRD
Laura Nereida Plascencia Pacheco ; 572705660a5c133480a53c4c ; diputados PRI
Isaura Ivanova Pool Pech ; 572705670a5c133480a53c4f ; diputados PRD
José Bernardo Quezada Salas ; 5727056b0a5c133480a53c50 ; diputados PANAL
Ricardo Quintanilla Leal ; 5727056c0a5c133480a53c52 ; diputados PES
Karen Orney Ramírez Peralta ; 572705710a5c133480a53c5b ; diputados PRD
Jorge Ramos Hernández ; 572705720a5c133480a53c5d ; diputados PAN
César Augusto Rendón García ; 572705730a5c133480a53c61 ; diputados PAN
Felipe Reyes Álvarez ; 572705740a5c133480a53c63 ; diputados PRD
Silvia Rivera Carbajal ; 5727057d0a5c133480a53c66 ; diputados PRI
Mónica Rodríguez Della Vecchia ; 572705800a5c133480a53c6d ; diputados PAN
Salomón Fernando Rosales Reyes ; 5727063ad1d9ecd3815bdfb7 ; diputados PRI
Juan Fernando Rubio Quiroz ; 5727063bd1d9ecd3815bdfb8 ; diputados PRD
Pedro Alberto Salazar Muciño ; 57270640d1d9ecd3815bdfc0 ; diputados PRI
Claudia Sánchez Juárez ; 57270644d1d9ecd3815bdfc8 ; diputados PAN
José Refugio Sandoval Rodríguez ; 5727064dd1d9ecd3815bdfce ; diputados PVEM
José Santiago López ; 5727064ed1d9ecd3815bdfd0 ; diputados PRD
Araceli Saucedo Reyes ; 57270651d1d9ecd3815bdfd6 ; diputados PRD
Ricardo Taja Ramírez ; 57270682d1d9ecd3815bdfe6 ; diputados PRI
Santiago Torreblanca Engell ; 5727068cd1d9ecd3815bdff1 ; diputados PAN
María Concepción Valdés Ramírez ; 57270691d1d9ecd3815bdffa ; diputados PRD
Rafael Valenzuela Armas ; 57270692d1d9ecd3815bdffd ; diputados PAN
Diego Valente Valera Fuentes ; 57270693d1d9ecd3815bdffe ; diputados PVEM
Enrique Zamora Morlet ; 572706a5d1d9ecd3815be014 ; diputados PVEM
Araceli Damián González ; 5727048e0a5c133480a53b6b ; diputados MORENA
Evelyng Soraya Flores Carranza ; 572704cf0a5c133480a53b8a ; diputados PVEM
 ; 57270068babf68437d513798 ; senadores null
 ; 57270068babf68437d513799 ; senadores null
Andrea García García ; 5727013ecd4f08e77d42d9b7 ; senadores pan
Cיsar Octavio Pedroza Gaitבn ; 5727014ecd4f08e77d42d9d9 ; senadores pan
Miguel Alva y Alva ; 572704280a5c133480a53af9 ; diputados MORENA
Katia Berenice Burguete Zъсiga ; 572704510a5c133480a53b2f ; diputados PAN
Alfredo Basurto Román ; 572704450a5c133480a53b1d ; diputados MORENA
María Antonia Cárdenas Mariscal ; 5727045d0a5c133480a53b3c ; diputados MORENA
Lorena Corona Valdés ; 572704810a5c133480a53b5b ; diputados PVEM
Gerardo Gabriel Cuanalo Santos ; 5727048c0a5c133480a53b67 ; diputados PAN
Sharon María Teresa Cuenca Ayala ; 5727048d0a5c133480a53b69 ; diputados PVEM
Charbel Jorge Estefan Chidiac ; 572704c40a5c133480a53b81 ; diputados PRI
Cynthia Gissel García Soberanes ; 572704de0a5c133480a53ba2 ; diputados PES
Andrйs Fernбndez del Valle Laisequilla ; 572704cd0a5c133480a53b87 ; diputados PVEM
Exaltación González Ceceña ; 572704e70a5c133480a53bae ; diputados PAN
Noemí Zoila Guzmán Lagunes ; 572704f70a5c133480a53bc5 ; diputados PRI
Guadalupe Hernández Correa ; 572705070a5c133480a53bcc ; diputados MORENA
José Everardo López Córdova ; 5727051a0a5c133480a53bee ; diputados PAN
Irma Rebeca López López ; 572705230a5c133480a53bf0 ; diputados MORENA
Gustavo Enrique Madero Muсoz ; 572705280a5c133480a53bf8 ; diputados PAN
Norberto Antonio Martínez Soto ; 572705320a5c133480a53c07 ; diputados PRD
Sandra Méndez Hernández ; 572705370a5c133480a53c10 ; diputados PRI
Antonino Morales Toledo ; 572705480a5c133480a53c1b ; diputados PRD
Luz Argelia Paniagua Figueroa ; 572705610a5c133480a53c41 ; diputados PAN
María del Carmen Pinete Vargas ; 572705650a5c133480a53c4a ; diputados PRI
Ricardo Ramםrez Nieto ; 5727056f0a5c133480a53c58 ; diputados PRI
Ana Laura Rodela Soto ; 5727057f0a5c133480a53c6a ; diputados PRI
Enrique Rojas Orozco ; 572705830a5c133480a53c72 ; diputados PRI
María Luisa Sánchez Meza ; 5727064ad1d9ecd3815bdfc9 ; diputados PAN
Karina Sánchez Ruiz ; 5727064cd1d9ecd3815bdfcb ; diputados PANAL
Christian Joaquín Sánchez Sánchez ; 5727064cd1d9ecd3815bdfcc ; diputados PRI
Maricela Serrano Hernández ; 57270654d1d9ecd3815bdfda ; diputados PRI
Claudia Villanueva Huerta ; 572706a0d1d9ecd3815be010 ; diputados PVEM
Salvador Zamora Zamora ; 572706a6d1d9ecd3815be015 ; diputados MC
Félix Arturo González Canto ; 57270144cd4f08e77d42d9c3 ; senadores pri
Adolfo Mota Hernández ; 572705480a5c133480a53c1c ; diputados PRI
Ana Guadalupe Perea Santos ; 572705620a5c133480a53c44 ; diputados PES
Esthela de Jesъs Ponce Beltrбn ; 572705670a5c133480a53c4e ; diputados PRI
Gianni Raúl Ramírez Ocampo ; 572705700a5c133480a53c5a ; diputados PRI
Alma Lucía Arzaluz Alonso ; 572704380a5c133480a53b10 ; diputados PVEM
Virgilio Daniel Mйndez Bazбn ; 572705370a5c133480a53c0f ; diputados PRI
María del Rocío Rebollo Mendoza ; 572705730a5c133480a53c60 ; diputados PRI
Andrйs Aguirre Romero ; 572704240a5c133480a53af0 ; diputados PRI
Pablo Basбсez Garcнa ; 572704450a5c133480a53b1c ; diputados PRI
Eukid Castaсуn Herrera ; 572704600a5c133480a53b42 ; diputados PAN
Ramón Bañales Arambula ; 572704400a5c133480a53b13 ; diputados PRI
Francisco Martínez Neri ; 572705310a5c133480a53c04 ; diputados PRD
Rosa Alicia Álvarez Piñones ; 572704300a5c133480a53b00 ; diputados PVEM
Leticia Amparano Gámez ; 572704320a5c133480a53b03 ; diputados PAN
Luis Fernando Antero Valle ; 572704340a5c133480a53b07 ; diputados PAN
Alicia Barrientos Pantoja ; 572704440a5c133480a53b1a ; diputados MORENA
Ricardo Ángel Barrientos Ríos ; 572704440a5c133480a53b1b ; diputados PRD
Sylvana Beltrones Sánchez ; 572704480a5c133480a53b22 ; diputados PRI
Ana Marнa Boone Godoy ; 5727044e0a5c133480a53b2a ; diputados PRI
Carmen Victoria Campa Almaral ; 5727045a0a5c133480a53b36 ; diputados PANAL
Eloisa Chavarrías Barajas ; 5727047a0a5c133480a53b4e ; diputados PAN
Marko Antonio Cortés Mendoza ; 572704890a5c133480a53b61 ; diputados PAN
Olga María Esquivel Hernández ; 572704c20a5c133480a53b7f ; diputados PRI
Héctor David Flores Ávalos ; 5727017cda509c1c7e1d7e14 ; senadores pan
Armando  Neyra Chávez ; 57270185da509c1c7e1d7e40 ; senadores pri
Yahleel Abdala Carmona ; 572703da1db7c4f87fa195c9 ; diputados PRI
Oswaldo Guillermo Cházaro Montalvo ; 5727047b0a5c133480a53b51 ; diputados PRI
Óscar Ferrer Abalos ; 572704ce0a5c133480a53b89 ; diputados PRD
ֱngel Garcםa Yבסez ; 572704de0a5c133480a53ba3 ; diputados PANAL
Wenceslao Martнnez Santos ; 572705320a5c133480a53c06 ; diputados PAN
Marםa Victoria Mercado Sבnchez ; 572705390a5c133480a53c13 ; diputados MC
Daniel Ignacio Olivas Gutiérrez ; 572705580a5c133480a53c32 ; diputados PAN
Daniel Ordусez Hernбndez ; 5727055a0a5c133480a53c35 ; diputados PRD
Karla Karina Osuna Carranco ; 5727055e0a5c133480a53c3c ; diputados PAN
Carlos Sarabia Camacho ; 57270650d1d9ecd3815bdfd3 ; diputados PRI
Beatriz Vйlez Nъсez ; 5727069dd1d9ecd3815be009 ; diputados PRI
Victoriano Wences Real ; 572706a1d1d9ecd3815be011 ; diputados PRD
J. Jesъs Zъсiga Mendoza ; 572706a8d1d9ecd3815be018 ; diputados PRI
Lorena del Carmen Alfaro García ; 572704270a5c133480a53af6 ; diputados PAN
Iveth Bernal Casique ; 5727044b0a5c133480a53b25 ; diputados PRI
José Hugo Cabrera Ruiz ; 572704520a5c133480a53b31 ; diputados PRI
César Octavio Camacho Quiroz ; 572704530a5c133480a53b33 ; diputados PRI
Herminio Corral Estrada ; 572704870a5c133480a53b5d ; diputados PAN
Sasil Dora Luz De León Villard ; 572704900a5c133480a53b6f ; diputados PVEM
Lluvia Flores Sonduk ; 572704d10a5c133480a53b8d ; diputados PRD
Araceli Guerrero Esquivel ; 572704f00a5c133480a53bb9 ; diputados PRI
Leonardo Rafael Guirao Aguilar ; 572704f30a5c133480a53bbe ; diputados PVEM
Carlos Lomelí Bolaños ; 5727051a0a5c133480a53bed ; diputados MC
Nelly del Carmen Mαrquez Zapata ; 5727052c0a5c133480a53bff ; diputados PAN
Norma Rocío Nahle García ; 5727054d0a5c133480a53c25 ; diputados MORENA
Tomás Octaviano Félix ; 572705570a5c133480a53c30 ; diputados PRD
Ulises Ramםrez Nתסez ; 5727056f0a5c133480a53c59 ; diputados PAN
Nadia Haydee Vega Olivas ; 5727069bd1d9ecd3815be007 ; diputados PAN
Sofía González Torres ; 572704ea0a5c133480a53bb3 ; diputados PVEM
Elías Octavio Íñiguez Mejía ; 5727050f0a5c133480a53bda ; diputados PAN
Carlos Iriarte Mercado ; 572705100a5c133480a53bdb ; diputados PRI
Fidel Kuri Grajales ; 572705150a5c133480a53be5 ; diputados PRI
Lía Limón García ; 572705180a5c133480a53bea ; diputados PVEM
Luis Gilberto Marrón Agustín ; 5727052c0a5c133480a53c00 ; diputados PAN
Edgardo Melhem Salinas ; 572705360a5c133480a53c0e ; diputados PRI
José Luis Orozco Sánchez Aldana ; 5727055b0a5c133480a53c37 ; diputados PRI
José Lorenzo Rivera Sosa ; 5727057e0a5c133480a53c68 ; diputados PRI
Víctor Manuel Sánchez Orozco ; 5727064bd1d9ecd3815bdfca ; diputados MC
Armando Soto Espino ; 57270680d1d9ecd3815bdfe1 ; diputados PRD
Jorge Tello López ; 57270686d1d9ecd3815bdfec ; diputados MORENA
Jorge Triana Tena ; 5727068fd1d9ecd3815bdff7 ; diputados PAN
Lillian Zepahua García ; 572706a7d1d9ecd3815be017 ; diputados PRI
Antonio Tarek Abdala Saad ; 572704200a5c133480a53ae9 ; diputados PRI
Arturo Álvarez Angli ; 572704290a5c133480a53afb ; diputados PVEM
Jesús Emiliano Álvarez López ; 5727042a0a5c133480a53afc ; diputados MORENA
Jorge Álvarez Maynez ; 572704300a5c133480a53afe ; diputados MC
Guadalupe Acosta Naranjo ; 572704220a5c133480a53aec ; diputados PRD
Claudia Edith Anaya Mota ; 572704320a5c133480a53b04 ; diputados PRI
Alfredo Anaya Orozco ; 572704330a5c133480a53b05 ; diputados PRI
Natalia Karina Barón Ortiz ; 572704410a5c133480a53b15 ; diputados PRD
Virgilio Dante Caballero Pedraza ; 572704510a5c133480a53b30 ; diputados MORENA
Alberto Martínez Urincho ; 572705330a5c133480a53c08 ; diputados PRD
Rodrigo Abdala Dartigues ; 572703ff15a69016809cb37b ; diputados MORENA
Soralla Bañuelos De la Torre ; 572704400a5c133480a53b14 ; diputados PANAL
Héctor Barrera Marmolejo ; 572704430a5c133480a53b18 ; diputados PAN
Mariana Benítez Tiburcio ; 572704490a5c133480a53b23 ; diputados PRI
José Erandi Bermúdez Méndez ; 572704490a5c133480a53b24 ; diputados PAN
Kathia María Bolio Pinelo ; 5727044d0a5c133480a53b29 ; diputados PAN
Fidel Calderón Torreblanca ; 572704530a5c133480a53b32 ; diputados PRD
Enrique Cambranis Torres ; 572704540a5c133480a53b35 ; diputados PAN
Roberto Alejandro Cañedo Jiménez ; 5727045c0a5c133480a53b3b ; diputados MORENA
José Clemente Castañeda Hoeflich ; 572704600a5c133480a53b41 ; diputados MC
María Elida Castelán Mondragón ; 572704610a5c133480a53b43 ; diputados PRD
Rogerio Castro Vázquez ; 572704620a5c133480a53b45 ; diputados MORENA
Juan Manuel Cavazos Balderas ; 572704630a5c133480a53b47 ; diputados PRI
Xitlalic Ceja García ; 572704770a5c133480a53b49 ; diputados PRI
Juan Manuel Celis Aguirre ; 572704780a5c133480a53b4a ; diputados PVEM
René Cervera García ; 572704780a5c133480a53b4b ; diputados MC
Felipe Cervera Hernández ; 572704790a5c133480a53b4c ; diputados PRI
Samuel Alexis Chacón Morales ; 572704790a5c133480a53b4d ; diputados PRI
Maricela Contreras Julián ; 5727047d0a5c133480a53b54 ; diputados PRD
Leonel Gerardo Cordero Lerma ; 5727047e0a5c133480a53b55 ; diputados PAN
Claudia Sofía Corichi García ; 572704800a5c133480a53b59 ; diputados MC
José Hernán Cortés Berúmen ; 572704880a5c133480a53b5f ; diputados PAN
José Alberto Couttolenc Buentello ; 5727048a0a5c133480a53b62 ; diputados PVEM
Martha Lorena Covarrubias Anaya ; 5727048a0a5c133480a53b63 ; diputados PRI
Blanca Margarita Cuata Domínguez ; 5727048d0a5c133480a53b68 ; diputados MORENA
Gretel Culin Jaime ; 5727048e0a5c133480a53b6a ; diputados PAN
Verónica Delgadillo García ; 572704bc0a5c133480a53b73 ; diputados MC
Joaquín Jesús Díaz Mena ; 572704bc0a5c133480a53b74 ; diputados PAN
Pablo Elizondo García ; 572704c00a5c133480a53b7a ; diputados PRI
Francisco Escobedo Villegas ; 572704c10a5c133480a53b7d ; diputados PRI
Gloria Himelda Félix Niebla ; 572704cb0a5c133480a53b84 ; diputados PRI
Hugo Eric Flores Cervantes ; 572704d00a5c133480a53b8b ; diputados PES
Mirza Flores Gómez ; 572704d00a5c133480a53b8c ; diputados MC
César Flores Sosa ; 572704d10a5c133480a53b8e ; diputados PAN
Modesta Fuentes Alonso ; 572704d20a5c133480a53b8f ; diputados MORENA
Hugo Daniel Gaeta Esparza ; 572704d20a5c133480a53b90 ; diputados PRI
Sara Paola Galico Félix Díaz ; 572704d30a5c133480a53b91 ; diputados PVEM
Marco Antonio Gama Basarte ; 572704d60a5c133480a53b94 ; diputados PAN
Alicia Guadalupe Gamboa Martínez ; 572704d70a5c133480a53b95 ; diputados PRI
Pablo Gamboa Miner ; 572704d70a5c133480a53b96 ; diputados PRI
María Cristina Teresa García Bravo ; 572704d90a5c133480a53b99 ; diputados PRD
Patricia García García ; 572704db0a5c133480a53b9e ; diputados PAN
José Máximo García López ; 572704dc0a5c133480a53b9f ; diputados PAN
Otniel García Navarro ; 572704dc0a5c133480a53ba0 ; diputados PRI
Refugio Trinidad Garzón Canchola ; 572704e00a5c133480a53ba6 ; diputados MC
Cristina Ismene Gaytán Hernández ; 572704e30a5c133480a53ba8 ; diputados PRD
Ernestina Godoy Ramos ; 572704e50a5c133480a53baa ; diputados MORENA
Delfina Gómez Álvarez ; 572704e50a5c133480a53bab ; diputados MORENA
Guadalupe González Suástegui ; 572704e90a5c133480a53bb2 ; diputados PAN
Moisés Guerra Mota ; 572704ec0a5c133480a53bb5 ; diputados MC
Delia Guerrero Coronado ; 572704f00a5c133480a53bb8 ; diputados PRI
Carlos Gutiérrez García ; 572704f50a5c133480a53bc1 ; diputados PANAL
Roberto Guzmán Jacobo ; 572704f60a5c133480a53bc4 ; diputados MORENA
Carlos Gerardo Hermosillo Arteaga ; 572704f90a5c133480a53bc9 ; diputados PRI
Norma Xóchitl Hernández Colín ; 572705070a5c133480a53bcb ; diputados MORENA
Ángel Antonio Hernández de la Piedra ; 572705080a5c133480a53bcd ; diputados MORENA
Rafael Hernández Soriano ; 5727050a0a5c133480a53bd1 ; diputados PRD
Karen Hurtado Arana ; 5727050c0a5c133480a53bd5 ; diputados PRD
Martha Cristina Jiménez Márquez ; 572705130a5c133480a53be0 ; diputados PAN
Mario Ariel Juárez Rodríguez ; 572705140a5c133480a53be3 ; diputados MORENA
Alejandro Juraidini Villaseñor ; 572705150a5c133480a53be4 ; diputados PRI
Alex Le Barón González ; 572705170a5c133480a53be8 ; diputados PRI
Leydi Fabiola Leyva García ; 572705180a5c133480a53be9 ; diputados PRI
Vidal Llerenas Morales ; 572705190a5c133480a53bec ; diputados MORENA
Jorge López Martín ; 572705230a5c133480a53bf1 ; diputados PAN
Jesús Antonio López Rodríguez ; 572705240a5c133480a53bf2 ; diputados PAN
Sergio López Sánchez ; 572705240a5c133480a53bf3 ; diputados PRD
Edith Yolanda López Velasco ; 572705250a5c133480a53bf4 ; diputados PRI
Armando Luna Canales ; 572705260a5c133480a53bf5 ; diputados PRI
Jonadab Martínez García ; 5727052d0a5c133480a53c01 ; diputados MC
Norma Edith Martínez Guzmán ; 572705300a5c133480a53c02 ; diputados PES
Luis de León Martínez Sánchez ; 572705310a5c133480a53c05 ; diputados PAN
Rocío Matesanz Santamaría ; 572705330a5c133480a53c09 ; diputados PAN
Benjamín Medrano Quezada ; 572705350a5c133480a53c0c ; diputados PRI
Lucía Virginia Meza Guzmán ; 5727053a0a5c133480a53c14 ; diputados PRD
Renato Josafat Molina Arias ; 572705450a5c133480a53c16 ; diputados MORENA
Tomás Roberto Montoya Díaz ; 572705470a5c133480a53c1a ; diputados PRI
Rosalinda Muñoz Sánchez ; 5727054b0a5c133480a53c21 ; diputados PRI
Francisco Xavier Nava Palacios ; 5727054e0a5c133480a53c27 ; diputados PRD
Matías Nazario Morales ; 572705540a5c133480a53c2a ; diputados PRI
María Candelaria Ochoa Ávalos ; 572705560a5c133480a53c2e ; diputados MC
María Elena Orantes López ; 5727055a0a5c133480a53c34 ; diputados MC
Omar Ortega Álvarez ; 5727055c0a5c133480a53c38 ; diputados PRD
Ivonne Aracely Ortega Pacheco ; 5727055c0a5c133480a53c39 ; diputados PRI
María Guadalupe Oyervides Valdez ; 5727055f0a5c133480a53c3d ; diputados PRI
Elvia Graciela Palomares Ramírez ; 572705600a5c133480a53c40 ; diputados PRI
Evelyn Parra Álvarez ; 572705610a5c133480a53c42 ; diputados PRD
Adán Pérez Utrera ; 572705630a5c133480a53c47 ; diputados MC
Juan Pablo Piña Kurczyn ; 572705640a5c133480a53c49 ; diputados PAN
Francisco Javier Pinto Torres ; 572705650a5c133480a53c4b ; diputados PANAL
Evelio Plata Inzunza ; 572705660a5c133480a53c4d ; diputados PRI
Carlos Federico Quinto Guillén ; 5727056d0a5c133480a53c53 ; diputados PRI
Germán Ernesto Ralis Cumplido ; 5727056d0a5c133480a53c55 ; diputados MC
Rosa Alba Ramírez Nachis ; 5727056e0a5c133480a53c57 ; diputados MC
Gabriela Ramírez Ramos ; 572705710a5c133480a53c5c ; diputados PAN
Blandina Ramos Ramírez ; 572705720a5c133480a53c5e ; diputados MORENA
Ángel Rojas Ángeles ; 572705830a5c133480a53c71 ; diputados PRI
Juan Romero Tenorio ; 572705850a5c133480a53c75 ; diputados MORENA
Edgar Romo García ; 572705860a5c133480a53c77 ; diputados PRI
Julio Saldaña Morán ; 57270640d1d9ecd3815bdfc1 ; diputados PRD
Miguel Ángel Salim Alle ; 57270641d1d9ecd3815bdfc2 ; diputados PAN
Carmen Salinas Lozano ; 57270641d1d9ecd3815bdfc3 ; diputados PRI
Nancy Guadalupe Sánchez Arredondo ; 57270642d1d9ecd3815bdfc4 ; diputados PRI
Arturo Santana Alfaro ; 5727064ed1d9ecd3815bdfcf ; diputados PRD
Guillermo Rafael Santiago Rodríguez ; 5727064fd1d9ecd3815bdfd1 ; diputados MORENA
Francisco Saracho Navarro ; 57270650d1d9ecd3815bdfd4 ; diputados PRI
Miguel Ángel Sedas Castro ; 57270653d1d9ecd3815bdfd9 ; diputados PVEM
Jesús Serrano Lora ; 57270654d1d9ecd3815bdfdb ; diputados MORENA
Daniel Adrián Sosa Carpio ; 5727067fd1d9ecd3815bdfe0 ; diputados MC
Cecilia Guadalupe Soto González ; 57270680d1d9ecd3815bdfe2 ; diputados PRD
Ruth Noemí Tiscareño Agoitia ; 57270686d1d9ecd3815bdfed ; diputados PRI
María de los Ángeles Verónica González Rodríguez ; 57270144cd4f08e77d42d9be ; senadores prd
Mariana Gómez del Campo Gurza ; 57270145cd4f08e77d42d9cb ; senadores pan
Marco Antonio Blásquez Salinas ; 57270181da509c1c7e1d7e31 ; senadores pt
Víctor Hermosillo y Celada ; 57270185da509c1c7e1d7e42 ; senadores pan
Lisbeth Hernández Lecona ; 57270185da509c1c7e1d7e44 ; senadores pri
Cristina Sánchez Coronel ; 57270643d1d9ecd3815bdfc6 ; diputados PRI
José Alfredo Torres Huitrón ; 5727068dd1d9ecd3815bdff3 ; diputados PRI
Jesús Priego Calva ; 57270067babf68437d513797 ; senadores pri
Bernardino Antelo Esper ; 572704330a5c133480a53b06 ; diputados PRI
Hersilia Onfalia Adamina Córdova Morán ; 5727047f0a5c133480a53b57 ; diputados PRI
Raúl Domínguez Rex ; 572704be0a5c133480a53b77 ; diputados PRI
Yaret Adriana Guevara Jiménez ; 572704f20a5c133480a53bbc ; diputados PVEM
Héctor Peralta Grappin ; 572705620a5c133480a53c43 ; diputados PRD
Enrique Pérez Rodríguez ; 572705630a5c133480a53c46 ; diputados PAN
Óscar Valencia García ; 57270691d1d9ecd3815bdffb ; diputados PRI
Yolanda de la Torre Valdez ; 5727017eda509c1c7e1d7e1b ; senadores pri
 ; 57270068babf68437d51379a ; senadores null
Rocío Díaz Montoya ; 572704bd0a5c133480a53b75 ; diputados PRI
Virginia Nallely Gutiérrez Ramírez ; 572704f50a5c133480a53bc2 ; diputados PRI